date,Appliances,lights,T1,RH_1,T2,RH_2,T3,RH_3,T4,RH_4,T5,RH_5,T6,RH_6,T7,RH_7,T8,RH_8,T9,RH_9,T_out,Press_mm_hg,RH_out,Windspeed,Visibility,Tdewpoint,rv1,rv2,day_of_week,day_type,Appliances_lag_1,Appliances_lag_2,Appliances_lag_3,Appliances_rolling_mean,Appliances_rolling_std,hour,day,weekday,month,hour_sin,hour_cos,weekday_sin,weekday_cos,lag1_lag2_interaction,daily_mean,daily_sum,daily_min,daily_max
2016-01-12,40,10,21.39,44.56,20.79,43.863333333333294,20.2,45.6633333333333,20.6333333333333,46.79,19.2,50.53,5.59,88.6333333333333,17.7,43.76,19.39,51.1633333333333,16.89,45.7,5.3,736.9,92.0,6.0,22.0,4.1,39.14663811447098,39.14663811447098,1,Weekday,40.0,60.0,70.0,46.666666666666664,11.547005383792568,0,12,1,1,0.0,1.0,0.7818314824680298,0.6234898018587336,2400.0,76.83823529411765,10450.0,20.0,390.0
2016-01-13,50,0,19.4266666666667,43.2,18.7,43.09,19.89,44.9,19.0,43.59,17.29,51.4,5.86666666666667,82.56,17.84,42.495,18.7,51.63125,17.0,46.6633333333333,6.0,747.4,80.0,8.0,40.0,2.7,37.9051526193507,37.9051526193507,2,Weekday,50.0,50.0,40.0,50.0,0.0,0,13,2,1,0.0,1.0,0.9749279121818236,-0.22252093395631434,2500.0,69.0,8280.0,20.0,400.0
2016-01-14,50,0,19.29,42.09,18.7,41.4,20.323333333333295,43.7,18.79,41.23,18.3566666666667,67.9966666666667,1.66666666666667,89.5,18.1,39.8266666666667,19.6,48.93,16.6666666666667,43.2,2.8,755.5,89.0,5.0,29.0,1.2,49.315579456742846,49.315579456742846,3,Weekday,40.0,40.0,50.0,43.333333333333336,5.773502691891925,0,14,3,1,0.0,1.0,0.43388373911755823,-0.900968867902419,1600.0,104.09448818897638,13220.0,20.0,400.0
2016-01-15,50,0,23.6666666666667,39.6633333333333,22.79,39.4666666666667,21.2,43.06,18.7,44.2,18.745,55.79,1.39,89.46666666666668,18.6,41.2666666666667,19.7,48.8266666666667,17.1,46.0,0.8,749.2999999999998,94.0,9.0,52.0,0.0,5.886030604597181,5.886030604597181,4,Weekday,40.0,40.0,30.0,43.333333333333336,5.773502691892398,0,15,4,1,0.0,1.0,-0.433883739117558,-0.9009688679024191,1600.0,109.41176470588235,14880.0,30.0,400.0
2016-01-16,50,0,23.0,40.0,22.15,38.79,21.0,41.9,21.2,43.79,20.29,60.5933333333333,2.0,94.46666666666668,18.79,40.363333333333294,20.6,47.433333333333294,17.89,47.06,2.4,761.1,97.0,3.0,28.0,1.9,31.33274237625301,31.33274237625301,5,Weekend,50.0,60.0,60.0,53.333333333333336,5.773502691897014,0,16,5,1,0.0,1.0,-0.9749279121818236,-0.2225209339563146,3000.0,97.22689075630252,11570.0,20.0,390.0
2016-01-17,30,0,22.5,39.363333333333294,21.533333333333296,38.09,21.463333333333296,42.2,21.175,41.0675,18.6,52.79,0.4,96.3666666666667,19.7,38.9666666666667,21.4266666666667,46.06,17.7,41.73,0.5,764.5,96.0,2.0,20.0,0.0,43.34042912814766,43.34042912814766,6,Weekend,30.0,30.0,60.0,30.0,0.0,0,17,6,1,0.0,1.0,-0.7818314824680299,0.6234898018587334,900.0,110.57851239669421,13380.0,30.0,400.0
2016-01-18,60,10,21.823333333333295,39.9,20.23,40.0,20.323333333333295,39.79,21.1666666666667,39.863333333333294,19.5,67.8933333333333,-4.65111111111111,88.81333333333329,20.26,36.69333333333329,21.7,44.4,17.6,38.4,-2.8,763.7,86.0,2.0,25.0,-4.9,2.9950120486319065,2.9950120486319065,0,Weekday,60.0,70.0,60.0,63.333333333333336,5.773502691897548,0,18,0,1,0.0,1.0,0.0,1.0,4200.0,53.38461538461539,6940.0,20.0,350.0
2016-01-19,50,20,20.39,39.09,19.2,39.23,20.0,40.3266666666667,20.29,38.26,17.5555555555556,65.2333333333333,-5.888888888888889,82.8161111111111,17.9755555555556,33.4833333333333,20.1,43.99375,16.89,39.09,-4.5,756.6,87.0,1.0,65.0,-6.3,2.302027412224561,2.302027412224561,1,Weekday,40.0,30.0,40.0,40.0,10.000000000001386,0,19,1,1,0.0,1.0,0.7818314824680298,0.6234898018587336,1200.0,62.51851851851852,8440.0,10.0,380.0
2016-01-20,40,0,19.79,38.7,18.89,39.09,19.2,39.09,18.5,37.53,17.79,53.33333333333329,-5.97777777777778,82.8922222222222,17.4633333333333,32.06,20.2,42.933333333333294,16.39,39.363333333333294,-4.5,758.7999999999998,94.0,1.0,60.0,-5.4,16.56897875946015,16.56897875946015,2,Weekday,40.0,50.0,40.0,43.333333333333336,5.773502691899958,0,20,2,1,0.0,1.0,0.9749279121818236,-0.22252093395631434,2000.0,88.18897637795276,11200.0,20.0,400.0
2016-01-21,60,0,19.76,38.1266666666667,19.29,37.863333333333294,18.7,39.7,19.26,38.0,16.89,58.0,0.5999999999999999,96.76333333333329,16.2,33.4833333333333,19.705,45.1633333333333,15.89,40.5,0.0,761.7999999999998,88.0,2.0,61.0,-1.8,49.286445195320994,49.286445195320994,3,Weekday,50.0,50.0,50.0,53.333333333333336,5.7735026919005294,0,21,3,1,0.0,1.0,0.43388373911755823,-0.900968867902419,2500.0,68.10218978102189,9330.0,20.0,360.0
2016-01-22,40,0,20.5,36.9666666666667,19.7,36.59,19.6,40.1633333333333,17.0,38.0,17.7,43.5016666666667,-1.7,94.9,16.6666666666667,31.8894444444444,19.4938888888889,43.7,15.89,40.1633333333333,0.0,765.1,88.0,4.0,61.0,-1.7,4.543870710767806,4.543870710767806,4,Weekday,50.0,40.0,50.0,43.333333333333336,5.77350269190495,0,22,4,1,0.0,1.0,-0.433883739117558,-0.9009688679024191,2000.0,45.69444444444444,6580.0,20.0,400.0
2016-01-23,40,0,17.6,41.26,16.6,41.79,17.89,40.26,15.6,40.9,15.7388888888889,48.5,4.56,99.69,15.89,36.3022222222222,17.0,44.015,15.39,40.59,4.5,763.0,100.0,5.0,8.0,4.5,0.3834297764115035,0.3834297764115035,5,Weekend,40.0,20.0,20.0,33.333333333333336,11.547005383795511,0,23,5,1,0.0,1.0,-0.9749279121818236,-0.2225209339563146,800.0,92.84482758620689,10770.0,10.0,280.0
2016-01-24,60,0,19.1,41.8266666666667,18.6,41.29,18.1,43.8266666666667,15.89,47.59,15.4205555555556,51.0794444444444,5.46666666666667,99.9,15.5666666666667,40.09,19.6,50.8,15.1,46.7,5.1,769.6,92.0,5.0,23.0,3.9,48.00580778392032,48.00580778392032,6,Weekend,80.0,80.0,70.0,73.33333333333333,11.547005383795794,0,24,6,1,0.0,1.0,-0.7818314824680299,0.6234898018587334,6400.0,83.65384615384616,8700.0,20.0,390.0
2016-01-25,50,0,21.463333333333296,42.363333333333294,20.625,41.6175,20.29,44.2,18.1,47.09,18.3844444444444,58.0105555555556,8.39,99.9,16.25,44.168333333333294,18.3344444444444,50.015,16.29,49.7,8.0,767.0,95.0,2.0,62.0,7.2,32.93245215900242,32.93245215900242,0,Weekday,40.0,20.0,30.0,36.666666666666664,15.275252316523057,0,25,0,1,0.0,1.0,0.0,1.0,800.0,62.836879432624116,8860.0,20.0,390.0
2016-01-26,250,20,21.29,43.09,20.79,42.5,20.566666666666695,44.5,21.1333333333333,44.7666666666667,17.9144444444444,51.055,10.3666666666667,97.7666666666667,17.79,42.1572222222222,18.7,47.8877777777778,17.0,47.433333333333294,10.3,764.1,84.0,4.0,27.0,7.7,35.05453574471176,35.05453574471176,1,Weekday,370.0,130.0,80.0,250.0,120.00000000000038,0,26,1,1,0.0,1.0,0.7818314824680298,0.6234898018587336,48100.0,48.23076923076923,6270.0,20.0,380.0
2016-01-27,50,20,21.29,45.363333333333294,20.79,44.2,20.79,45.06,21.5,44.5,18.0,69.8916666666667,9.69,88.4333333333333,18.4938888888889,45.228888888888896,17.8677777777778,49.1755555555556,17.1,47.59,9.9,759.5,80.0,10.0,40.0,6.5,6.432882649824023,6.432882649824023,2,Weekday,90.0,40.0,40.0,60.0,26.45751311064882,0,27,2,1,0.0,1.0,0.9749279121818236,-0.22252093395631434,3600.0,45.625,6570.0,20.0,390.0
2016-01-28,40,0,19.2,47.09,18.39,46.9,19.79,45.29,18.1,48.29,17.39,54.0,9.8,99.9,17.5333333333333,45.515,17.6,51.5,17.0,49.2,9.8,755.7999999999998,96.0,6.0,61.0,9.2,46.79275697562844,46.79275697562844,3,Weekday,40.0,40.0,50.0,40.0,0.0,0,28,3,1,0.0,1.0,0.43388373911755823,-0.900968867902419,1600.0,37.5,5400.0,10.0,50.0
2016-01-29,50,0,18.79,43.59,17.79,44.09,19.5,43.09,17.5,43.79,17.0,51.4611111111111,0.9,96.3966666666667,17.785,38.9,17.8344444444444,45.24,16.745,43.79,3.0,765.2,86.0,5.0,40.0,0.9,17.875329160597175,17.875329160597175,4,Weekday,40.0,40.0,40.0,43.333333333333336,5.773502691911861,0,29,4,1,0.0,1.0,-0.433883739117558,-0.9009688679024191,1600.0,48.05555555555556,6920.0,10.0,110.0
2016-01-30,50,0,20.033333333333296,43.73,19.5,43.2,19.89,44.59,16.6,46.29,16.7,51.79,9.0,85.79999999999998,16.8066666666667,42.41666666666671,19.2,51.4544444444444,16.29,47.59,9.1,760.2,82.0,9.0,40.0,6.2,43.81286357529461,43.81286357529461,5,Weekend,50.0,60.0,80.0,53.333333333333336,5.7735026919115215,0,30,5,1,0.0,1.0,-0.9749279121818236,-0.2225209339563146,3000.0,77.82608695652173,7160.0,20.0,400.0
2016-01-31,50,0,21.6,42.09,20.823333333333295,41.23,20.79,44.59,18.7,42.933333333333294,18.4816666666667,52.83,3.76,99.3,17.0,39.4,20.79,50.1944444444444,16.5,47.2,4.5,754.7,87.0,5.0,29.0,2.5,20.32128218561411,20.32128218561411,6,Weekend,40.0,40.0,40.0,43.333333333333336,5.773502691912002,0,31,6,1,0.0,1.0,-0.7818314824680299,0.6234898018587334,1600.0,84.5945945945946,9390.0,20.0,400.0
2016-02-01,40,20,22.23,46.433333333333294,21.29,46.1266666666667,21.7,46.5,19.29,49.7,20.0944444444444,53.103333333333296,11.39,99.9,18.9816666666667,50.145,21.7,55.1522222222222,17.29,51.7,11.5,755.5,94.0,8.0,27.0,10.5,36.003943893592805,36.003943893592805,0,Weekday,50.0,60.0,50.0,50.0,10.000000000008217,0,1,0,2,0.0,1.0,0.0,1.0,3000.0,136.1904761904762,11440.0,20.0,390.0
2016-02-02,70,20,22.9266666666667,45.26,22.033333333333296,44.29,23.2,45.26,21.5,48.9,20.29,62.2588888888889,10.19,99.76333333333329,18.8066666666667,45.715,20.9266666666667,55.3105555555556,17.89,50.4666666666667,10.2,759.6,95.0,9.0,61.0,9.4,43.522164027672254,43.522164027672254,1,Weekday,50.0,50.0,60.0,56.666666666666664,11.547005383802562,0,2,1,2,0.0,1.0,0.7818314824680298,0.6234898018587336,2500.0,60.215053763440864,5600.0,30.0,180.0
2016-02-04,30,0,22.2,43.06,21.39,42.09,22.6,43.9666666666667,20.79,42.26,19.2,61.97166666666671,2.8333333333333295,84.32666666666668,18.6,37.72,23.0944444444444,45.8244444444444,18.29,45.1566666666667,3.2,765.2999999999998,88.0,2.0,40.0,1.3,44.09789189230651,44.09789189230651,3,Weekday,50.0,60.0,70.0,46.666666666666664,15.275252316528347,0,4,3,2,0.0,1.0,0.43388373911755823,-0.900968867902419,3000.0,80.96491228070175,9230.0,20.0,350.0
2016-02-05,60,20,22.39,44.0,21.6,43.0,21.9877777777778,44.2,21.1333333333333,46.26,19.183333333333305,71.925,7.9,96.06,18.4816666666667,41.0811111111111,21.351111111111095,52.7733333333333,18.29,46.9,7.3,765.2,93.0,2.0,23.0,6.3,19.21143812360242,19.21143812360242,4,Weekday,70.0,50.0,50.0,60.0,10.0000000000155,0,5,4,2,0.0,1.0,-0.433883739117558,-0.9009688679024191,3500.0,58.36879432624114,8230.0,20.0,370.0
2016-02-06,60,0,22.29,45.06,21.6666666666667,43.5,22.6,45.29,20.2,47.79,18.71,56.29,9.19,88.9,18.6,43.25,20.89,53.4833333333333,18.7,49.29,9.3,757.2999999999998,85.0,5.0,40.0,6.8,41.981312108691775,41.981312108691775,5,Weekend,50.0,40.0,30.0,50.0,10.00000000001633,0,6,5,2,0.0,1.0,-0.9749279121818236,-0.2225209339563146,2000.0,75.73770491803279,9240.0,20.0,370.0
2016-02-07,20,0,22.79,43.1633333333333,22.1333333333333,42.76,21.6666666666667,44.76,19.1666666666667,44.4,19.378888888888895,64.5238888888889,10.4633333333333,61.83,18.79,39.9611111111111,22.3961111111111,50.58333333333329,19.0,48.06,10.6,742.6,66.0,9.0,40.0,4.5,9.391108318232,9.391108318232,6,Weekend,30.0,60.0,80.0,36.666666666666664,20.81665999466959,0,7,6,2,0.0,1.0,-0.7818314824680299,0.6234898018587334,1800.0,76.07692307692308,9890.0,20.0,390.0
2016-02-09,50,0,23.025,42.475,22.39,41.26,23.5,42.79,21.7,44.09,20.9022222222222,49.58333333333329,6.1233333333333295,75.48999999999998,19.1388888888889,36.9611111111111,22.255,48.0255555555556,18.89,43.03,6.4,744.7,80.0,11.0,22.0,3.2,1.5919791534543035,1.5919791534543035,1,Weekday,50.0,60.0,60.0,53.333333333333336,5.773502691925647,0,9,1,2,0.0,1.0,0.7818314824680298,0.6234898018587336,3000.0,89.22330097087378,9190.0,30.0,360.0
2016-02-10,70,0,22.5,42.73,21.76,40.59,22.6,43.4,19.1,40.76,19.29,50.645,2.1566666666666694,92.12333333333329,20.1,39.8572222222222,23.2,45.69,18.89,42.933333333333294,3.0,738.7,88.0,6.0,40.0,1.2,4.365795757621528,4.365795757621528,2,Weekday,70.0,80.0,70.0,73.33333333333333,5.773502691923263,0,10,2,2,0.0,1.0,0.9749279121818236,-0.22252093395631434,5600.0,83.58974358974359,9780.0,50.0,360.0
2016-02-12,70,0,22.2,41.29,21.323333333333295,40.4666666666667,21.5,42.7,20.7,41.73,19.3122222222222,56.433333333333294,2.9,92.0,20.1055555555556,39.63888888888889,23.2,47.6322222222222,18.6,43.09,3.0,748.1,95.0,3.0,25.0,2.2,19.982667651493102,19.982667651493102,4,Weekday,60.0,60.0,60.0,63.333333333333336,5.773502691926442,0,12,4,2,0.0,1.0,-0.433883739117558,-0.9009688679024191,3600.0,102.41666666666667,12290.0,20.0,400.0
2016-02-15,60,0,20.7,41.1633333333333,18.9266666666667,41.29,20.2,41.7,19.2,40.5,18.79,71.1294444444444,2.7,90.56333333333329,19.4755555555556,36.8911111111111,22.22,42.7805555555556,17.7,41.1266666666667,2.6,746.9,92.0,5.0,24.0,1.4,3.7036955123767257,3.7036955123767257,0,Weekday,60.0,50.0,30.0,56.666666666666664,5.773502691923632,0,15,0,2,0.0,1.0,0.0,1.0,3000.0,101.7094017094017,11900.0,30.0,380.0
2016-02-17,60,0,21.76,34.86,19.5,35.4333333333333,20.5,37.09,19.89,34.79,19.463333333333296,58.0933333333333,-4.46666666666667,76.29999999999998,19.6,27.9266666666667,21.89,38.723333333333294,18.2,39.06,-3.0,768.4,88.0,1.0,64.0,-4.8,37.701483676210046,37.701483676210046,2,Weekday,60.0,60.0,60.0,60.0,0.0,0,17,2,2,0.0,1.0,0.9749279121818236,-0.22252093395631434,3600.0,65.5072463768116,9040.0,20.0,180.0
2016-02-18,60,0,21.0,35.6266666666667,19.1666666666667,36.8266666666667,19.89,36.856,18.6,35.845,18.89,42.7257142857143,-1.76,80.8666666666667,18.7,29.3566666666667,21.533333333333296,39.79,17.9633333333333,38.09,-0.2,755.2999999999998,90.0,3.0,62.0,-1.6,15.733720327261835,15.733720327261835,3,Weekday,60.0,50.0,60.0,56.666666666666664,5.773502691919017,0,18,3,2,0.0,1.0,0.43388373911755823,-0.900968867902419,3000.0,73.35820895522389,9830.0,20.0,270.0
2016-02-19,40,0,21.29,35.26,19.79,35.73,19.79,36.9,19.066666666666695,36.4666666666667,17.2,44.7,1.79,79.26333333333329,17.5,31.2,20.5,39.834,17.4371428571429,38.024285714285696,0.3,758.0,99.0,1.0,11.0,0.1,5.789600394200534,5.789600394200534,4,Weekday,50.0,50.0,40.0,46.666666666666664,5.773502691919077,0,19,4,2,0.0,1.0,-0.433883739117558,-0.9009688679024191,2500.0,99.78102189781022,13670.0,20.0,390.0
2016-02-20,30,0,19.79,36.26,17.9633333333333,37.53,20.89,35.9,18.2,36.59,17.14,43.2,5.3,69.5266666666667,18.0,30.726666666666695,19.533333333333296,37.6566666666667,17.5333333333333,37.19333333333329,6.1,757.4,72.0,9.0,40.0,1.3,2.9832465457729995,2.9832465457729995,5,Weekend,40.0,50.0,50.0,40.0,10.000000000012236,0,20,5,2,0.0,1.0,-0.9749279121818236,-0.2225209339563146,2000.0,87.08955223880596,11670.0,10.0,340.0
2016-02-21,50,0,21.89,43.463333333333296,20.533333333333296,43.4666666666667,21.79,41.9571428571429,23.6333333333333,43.5266666666667,18.434,54.79,10.5,93.03,18.1,42.29,21.5,52.1266666666667,17.89,44.79,10.9,754.7,89.0,11.0,25.0,9.1,24.072607920970768,24.072607920970768,6,Weekend,40.0,30.0,30.0,40.0,10.000000000012605,0,21,6,2,0.0,1.0,-0.7818314824680299,0.6234898018587334,1200.0,82.47787610619469,9320.0,10.0,400.0
2016-02-22,40,20,22.1333333333333,44.59,20.823333333333295,44.36,21.89,44.09,22.3566666666667,45.4,18.6,56.9,10.558,80.53799999999998,18.5,43.5,22.0,51.863333333333294,18.463333333333296,46.76,10.4,753.7999999999998,83.0,9.0,40.0,7.599999999999999,44.93055745260789,44.93055745260789,0,Weekday,60.0,60.0,60.0,53.333333333333336,11.547005383804631,0,22,0,2,0.0,1.0,0.0,1.0,3600.0,87.24409448818898,11080.0,20.0,390.0
2016-02-23,60,20,21.6,43.59,20.1666666666667,44.2,21.4266666666667,42.29,21.566666666666695,43.56,19.5,53.9971428571429,4.66,87.3333333333333,19.29,42.86,21.79,49.03,18.5,44.8057142857143,4.4,753.9,93.0,3.0,65.0,3.3,29.03601063881069,29.03601063881069,1,Weekday,50.0,40.0,50.0,50.0,10.00000000001597,0,23,1,2,0.0,1.0,0.7818314824680298,0.6234898018587336,2000.0,92.54237288135593,10920.0,30.0,400.0
2016-02-25,60,20,21.73,37.4,19.89,38.4666666666667,20.6,38.53,22.76,36.9,19.1,51.93,-1.13333333333333,82.06,19.7,35.0957142857143,22.39,41.245,18.02,37.776,0.4,755.7999999999998,87.0,2.0,20.0,-1.6,41.34658589027823,41.34658589027823,3,Weekday,70.0,50.0,60.0,60.0,10.000000000018037,0,25,3,2,0.0,1.0,0.43388373911755823,-0.900968867902419,3500.0,100.08333333333333,12010.0,20.0,360.0
2016-02-26,30,0,21.6,38.76,19.89,39.56,21.29,38.06,21.823333333333295,36.69333333333329,19.39,44.29,2.59,80.18999999999998,19.2385714285714,35.79,21.3566666666667,40.463333333333296,17.89,37.5666666666667,2.0,757.2,95.0,1.0,53.0,1.2,21.8957434524782,21.8957434524782,4,Weekday,40.0,60.0,60.0,43.333333333333336,15.27525231653143,0,26,4,2,0.0,1.0,-0.433883739117558,-0.9009688679024191,2400.0,83.28125,10660.0,10.0,400.0
2016-02-27,50,0,21.0,37.4,19.39,37.0,20.5,36.9666666666667,19.89,35.2,19.6,70.7,0.833333333333333,64.1933333333333,18.7,34.2,20.7,43.09,17.7,38.2666666666667,1.7,751.0,85.0,2.0,20.0,-0.6,22.86010766401887,22.86010766401887,5,Weekend,60.0,30.0,20.0,46.666666666666664,15.275252316531247,0,27,5,2,0.0,1.0,-0.9749279121818236,-0.2225209339563146,1800.0,80.56338028169014,11440.0,20.0,380.0
2016-02-28,50,0,21.29,35.29,19.533333333333296,34.9,20.89,35.9666666666667,19.29,33.1633333333333,17.81,52.9,0.6999999999999998,53.793333333333294,19.7,31.332,22.3566666666667,38.463333333333296,18.0,38.5,1.1,753.9,73.0,5.0,22.0,-3.3,23.221792420372367,23.221792420372367,6,Weekend,60.0,70.0,80.0,60.0,10.000000000016026,0,28,6,2,0.0,1.0,-0.7818314824680299,0.6234898018587334,4200.0,51.015625,6530.0,20.0,150.0
2016-02-29,60,0,20.033333333333296,33.3266666666667,18.1,34.3,19.6,35.26,18.79,32.7,18.29,73.45999999999998,1.29,51.96,20.2,32.73,21.29,39.723333333333294,18.2,37.9,1.7,760.7,70.0,6.0,40.0,-3.3,20.707113249227405,20.707113249227405,0,Weekday,50.0,60.0,40.0,56.666666666666664,5.773502691924516,0,29,0,2,0.0,1.0,0.0,1.0,3000.0,121.52,15190.0,30.0,400.0
2016-03-01,70,20,21.79,35.09,19.39,37.1266666666667,21.1666666666667,35.09,21.8566666666667,33.7,19.0,40.7,-2.0666666666666695,68.4333333333333,20.2,27.533333333333296,22.5,39.0633333333333,18.29,38.863333333333294,-1.0,763.6,92.0,1.0,62.0,-2.1,44.52123189112172,44.52123189112172,1,Weekday,40.0,40.0,40.0,50.0,17.320508075698765,0,1,1,3,0.0,1.0,0.7818314824680298,0.6234898018587336,1600.0,62.74809160305343,8220.0,20.0,370.0
2016-03-02,30,10,21.066666666666695,40.1633333333333,19.39,41.7,20.6,38.4,19.6666666666667,39.4666666666667,19.2,49.5975,8.3,86.9333333333333,18.5,35.73,20.823333333333295,46.7666666666667,17.89,40.4666666666667,8.5,750.2,94.0,9.0,27.0,7.599999999999999,22.809961368329823,22.809961368329823,2,Weekday,20.0,20.0,40.0,23.333333333333332,5.773502691931526,0,2,2,3,0.0,1.0,0.9749279121818236,-0.22252093395631434,400.0,83.92592592592592,11330.0,20.0,330.0
2016-03-03,50,0,21.7,37.4666666666667,20.0,36.8266666666667,20.76,38.4,20.2,36.0,18.5,50.0,0.625,81.52249999999998,18.5,31.89,21.39,41.9,18.2,38.6566666666667,1.5,744.7,94.0,4.0,40.0,0.6,0.0341063714586198,0.0341063714586198,3,Weekday,60.0,30.0,50.0,46.666666666666664,15.275252316530795,0,3,3,3,0.0,1.0,0.43388373911755823,-0.900968867902419,1800.0,75.7983193277311,9020.0,20.0,400.0
2016-03-04,60,10,22.2385714285714,37.0128571428571,20.39,37.29,20.79,38.0,19.89,35.3842857142857,19.1428571428571,52.1214285714286,1.445,78.45874999999998,19.1,31.3525,21.6,41.4666666666667,18.5,39.0257142857143,2.7,748.0,86.0,3.0,29.0,0.6,6.620724766980857,6.620724766980857,4,Weekday,60.0,40.0,40.0,53.333333333333336,11.547005383805873,0,4,4,3,0.0,1.0,-0.433883739117558,-0.9009688679024191,2400.0,88.2394366197183,12530.0,20.0,390.0
2016-03-05,50,0,21.23,37.3266666666667,18.7,39.79,21.39,37.59,19.39,36.1266666666667,18.73,46.6566666666667,0.9,77.26,18.6,32.09,21.7,40.3266666666667,18.29,38.7,0.5,740.5,97.0,1.0,62.0,0.1,49.78911767248064,49.78911767248064,5,Weekend,40.0,50.0,40.0,46.666666666666664,5.773502691923111,0,5,5,3,0.0,1.0,-0.9749279121818236,-0.2225209339563146,2000.0,78.52713178294573,10130.0,20.0,360.0
2016-03-06,30,0,19.7,37.7,17.5,40.0,20.1,37.145,17.89,37.09,18.7,57.49,3.6633333333333296,75.73,18.365,31.675,21.1,38.83333333333329,18.0,37.723333333333294,3.4,744.5,92.0,4.0,40.0,2.2,41.0275281406939,41.0275281406939,6,Weekend,30.0,30.0,50.0,30.0,0.0,0,6,6,3,0.0,1.0,-0.7818314824680299,0.6234898018587334,900.0,78.515625,10050.0,20.0,400.0
2016-03-07,40,20,20.0,37.863333333333294,17.7,39.79,20.2,38.73,20.2,37.26,17.79,68.5233333333333,-0.866666666666667,77.06,17.89,31.7,21.5,42.2666666666667,17.5666666666667,37.2,0.0,747.7,98.0,1.0,49.0,-0.3,0.4123136866837739,0.4123136866837739,0,Weekday,50.0,70.0,60.0,53.333333333333336,15.275252316528455,0,7,0,3,0.0,1.0,0.0,1.0,3500.0,110.62015503875969,14270.0,20.0,370.0
2016-03-09,50,0,20.7,37.933333333333294,17.9266666666667,40.59,20.1,38.09,19.4266666666667,35.2,18.23,47.1266666666667,5.06,75.66333333333331,18.39,34.045,20.7,41.2,17.5,38.1266666666667,4.6,754.0,75.0,6.0,40.0,0.5,33.39746262645349,33.39746262645349,2,Weekday,40.0,40.0,30.0,43.333333333333336,5.773502691925513,0,9,2,3,0.0,1.0,0.9749279121818236,-0.22252093395631434,1600.0,81.7557251908397,10710.0,20.0,370.0
2016-03-10,60,20,20.7,36.59,18.1,39.9,19.89,37.56,21.1,35.4333333333333,18.29,58.03,5.15666666666667,48.4266666666667,18.2,33.8266666666667,20.6,40.93,17.29,36.76,4.1,750.7,78.0,2.0,26.0,0.6,16.993247636128217,16.993247636128217,3,Weekday,60.0,60.0,60.0,60.0,0.0,0,10,3,3,0.0,1.0,0.43388373911755823,-0.900968867902419,3600.0,72.0,9360.0,20.0,360.0
2016-03-11,40,0,21.6,38.0,18.823333333333295,39.933333333333294,21.1,38.0,20.7,33.79,18.39,51.4,2.16333333333333,57.83333333333329,19.6333333333333,33.6566666666667,21.963333333333296,39.933333333333294,18.1,39.933333333333294,2.0,763.0,85.0,1.0,60.0,-0.3,3.893481136765331,3.893481136765331,4,Weekday,50.0,40.0,30.0,43.333333333333336,5.773502691925465,0,11,4,3,0.0,1.0,-0.433883739117558,-0.9009688679024191,2000.0,70.9090909090909,10140.0,20.0,360.0
2016-03-12,40,0,21.1,36.5,18.4266666666667,39.59,20.1,36.463333333333296,19.76,34.79,18.8566666666667,43.0266666666667,3.0,56.6,20.033333333333296,29.7,22.1666666666667,40.3,18.5,39.56,5.3,766.6,85.0,2.0,46.0,2.9,3.82933133514598,3.82933133514598,5,Weekend,50.0,40.0,40.0,43.333333333333336,5.773502691927676,0,12,5,3,0.0,1.0,-0.9749279121818236,-0.2225209339563146,2000.0,88.92857142857143,12450.0,20.0,390.0
2016-03-13,30,0,21.5,36.0,18.6333333333333,38.9,20.1,36.4666666666667,19.89,35.2,18.963333333333296,47.0,1.2,60.7266666666667,20.79,30.43,23.5,36.863333333333294,18.89,39.09,1.5,768.2,87.0,2.0,58.0,-0.4,31.490102189127356,31.490102189127356,6,Weekend,30.0,40.0,30.0,33.333333333333336,5.773502691925735,0,13,6,3,0.0,1.0,-0.7818314824680299,0.6234898018587334,1200.0,66.86131386861314,9160.0,30.0,140.0
2016-03-14,50,0,21.23,35.5,18.245,38.7,20.29,36.9,19.89,34.06,18.79,53.0,2.86333333333333,58.4,21.6666666666667,32.7,23.39,38.6566666666667,19.29,38.4,2.9,769.2,86.0,3.0,64.0,0.8,42.285550571978085,42.285550571978085,0,Weekday,50.0,50.0,50.0,50.0,0.0,0,14,0,3,0.0,1.0,0.0,1.0,2500.0,120.9090909090909,14630.0,20.0,380.0
2016-03-15,50,10,22.2,36.1633333333333,18.79,40.0666666666667,22.2,35.4666666666667,21.1,34.79,19.89,42.6333333333333,1.65,39.845,21.125,26.4975,22.4266666666667,37.363333333333294,19.5,37.9,1.4,766.6,76.0,3.0,22.0,-2.5,19.548353552818295,19.548353552818295,1,Weekday,70.0,60.0,60.0,60.0,10.000000000014893,0,15,1,3,0.0,1.0,0.7818314824680298,0.6234898018587336,4200.0,88.37037037037037,11930.0,20.0,400.0
2016-03-16,70,20,21.5,41.59,18.6,46.463333333333296,20.79,38.73,21.1,37.29,18.79,47.2,3.9333333333333296,64.59,20.7,29.6666666666667,22.89,40.59666666666671,19.6,38.5,4.3,764.5,91.0,3.0,59.0,2.9,26.58361567882821,26.58361567882821,2,Weekday,70.0,60.0,60.0,66.66666666666667,5.773502691920078,0,16,2,3,0.0,1.0,0.9749279121818236,-0.22252093395631434,4200.0,112.10084033613445,13340.0,20.0,390.0
2016-03-17,60,0,22.1,35.79,19.2,37.9,22.6666666666667,35.8633333333333,21.1,32.29,18.6,43.933333333333294,2.4666666666666694,35.29,20.05,26.945,23.1,37.933333333333294,19.6,38.03,2.5,765.7999999999998,73.0,3.0,20.0,-1.9,35.73930138954893,35.73930138954893,3,Weekday,40.0,60.0,50.0,53.333333333333336,11.54700538380547,0,17,3,3,0.0,1.0,0.43388373911755823,-0.900968867902419,2400.0,75.87301587301587,9560.0,20.0,360.0
2016-03-18,50,0,22.566666666666695,34.86,19.323333333333295,38.09,21.5,35.4333333333333,22.79,33.76,19.1,67.8933333333333,2.63333333333333,58.433333333333294,20.963333333333296,27.1,22.89,39.19333333333329,19.89,37.29,2.1,764.1,88.0,1.0,61.0,0.3,4.6987472102046,4.6987472102046,4,Weekday,70.0,70.0,60.0,63.333333333333336,11.547005383804292,0,18,4,3,0.0,1.0,-0.433883739117558,-0.9009688679024191,4900.0,63.63636363636363,8400.0,20.0,250.0
2016-03-19,60,0,22.39,36.4,19.7,39.1266666666667,21.79,36.26,20.2,34.6266666666667,18.463333333333296,46.56,5.5,62.4666666666667,19.7,30.89,22.5,42.1266666666667,19.6,37.76,5.3,762.5,88.0,3.0,62.0,3.5,43.328044132795185,43.328044132795185,5,Weekend,50.0,50.0,80.0,53.333333333333336,5.773502691921771,0,19,5,3,0.0,1.0,-0.9749279121818236,-0.2225209339563146,2500.0,101.3768115942029,13990.0,20.0,370.0
2016-03-20,50,0,22.0,36.0,19.463333333333296,38.363333333333294,21.823333333333295,35.53,20.7,34.79,18.5,43.9,5.8,47.66,19.2,30.26,22.5,40.0633333333333,19.39,37.59,5.1,762.5,84.0,3.0,24.0,2.6,13.616749423090369,13.616749423090369,6,Weekend,60.0,50.0,40.0,53.333333333333336,5.773502691918936,0,20,6,3,0.0,1.0,-0.7818314824680299,0.6234898018587334,3000.0,102.78195488721805,13670.0,30.0,370.0
2016-03-21,50,0,22.39,37.433333333333294,19.39,40.5,22.1,36.7,20.0,37.06,19.89,44.03,6.09,62.223333333333294,19.29,32.09,23.7,40.96,19.5,38.53,5.8,761.4,91.0,2.0,65.0,4.4,12.792303459718823,12.792303459718823,0,Weekday,60.0,30.0,40.0,46.666666666666664,15.275252316528173,0,21,0,3,0.0,1.0,0.0,1.0,1800.0,70.37878787878788,9290.0,30.0,380.0
2016-03-23,60,0,22.7,38.79,20.1666666666667,41.53,22.1,37.59,21.2,37.4,20.6,45.5,6.06,68.09,19.89,36.7,23.2,41.3266666666667,19.7,39.29,5.7,756.15,93.5,3.0,61.5,4.7,44.37421632464975,44.37421632464975,2,Weekday,60.0,50.0,60.0,56.666666666666664,5.7735026919131975,0,23,2,3,0.0,1.0,0.9749279121818236,-0.22252093395631434,3000.0,83.35766423357664,11420.0,20.0,330.0
2016-03-24,50,0,22.29,39.2,20.0,41.2,22.1,38.433333333333294,22.4266666666667,37.433333333333294,19.89,48.26,6.69,52.43,20.39,37.09,23.2,43.83333333333329,19.39,38.863333333333294,5.9,756.9,87.0,1.0,26.0,3.9,40.44797079404816,40.44797079404816,3,Weekday,50.0,20.0,40.0,40.0,17.320508075694722,0,24,3,3,0.0,1.0,0.43388373911755823,-0.900968867902419,1000.0,65.48148148148148,8840.0,20.0,390.0
2016-03-25,60,0,22.033333333333296,39.53,19.89,41.9666666666667,21.9266666666667,38.29,20.39,38.7,20.1,53.933333333333294,6.8333333333333295,64.06,20.39,38.363333333333294,22.6666666666667,45.26,19.29,40.53,6.3,755.7,96.0,3.0,45.0,5.7,49.61342681199312,49.61342681199312,4,Weekday,60.0,40.0,50.0,53.333333333333336,11.54700538380161,0,25,4,3,0.0,1.0,-0.433883739117558,-0.9009688679024191,2400.0,127.48031496062993,16190.0,30.0,380.0
2016-03-26,70,0,23.0,38.59,19.73,41.9666666666667,23.39,37.5,20.7,40.79,19.7,47.5044444444444,1.8633333333333295,65.6727777777778,20.79,35.6083333333333,23.1277777777778,42.9527777777778,19.7,40.3266666666667,1.5,759.2,97.0,1.0,20.0,1.1,17.25346752209589,17.25346752209589,5,Weekend,60.0,60.0,50.0,63.333333333333336,5.773502691920489,0,26,5,3,0.0,1.0,-0.9749279121818236,-0.2225209339563146,3600.0,83.54330708661418,10610.0,30.0,290.0
2016-03-27,60,0,23.0,41.4666666666667,21.26,42.59,23.0,39.5,20.1,41.5,20.79,50.7,12.83,30.7666666666667,20.79,38.8266666666667,24.2,44.7966666666667,19.89,41.79,13.5,746.5,60.0,8.0,40.0,5.8,11.471415450796483,11.471415450796483,6,Weekend,60.0,50.0,60.0,56.666666666666664,5.773502691923876,0,27,6,3,0.0,1.0,-0.7818314824680299,0.6234898018587334,3000.0,73.05555555555556,10520.0,30.0,180.0
2016-03-28,60,0,21.9266666666667,38.29,19.39,41.433333333333294,22.9266666666667,38.29,20.29,39.4,20.0,47.23,8.099999999999998,48.7333333333333,21.39,37.6266666666667,23.79,40.433333333333294,20.29,41.4,8.4,748.5,76.0,8.0,40.0,4.3,21.833281696308404,21.833281696308404,0,Weekday,60.0,60.0,50.0,60.0,0.0,0,28,0,3,0.0,1.0,0.0,1.0,3600.0,114.95495495495496,12760.0,40.0,400.0
2016-03-29,50,0,22.89,38.09,20.1,41.06,23.2,38.59,20.7,38.9,20.1,46.1633333333333,5.5,59.176875,21.29,33.8633333333333,23.5833333333333,42.78,20.5,41.9666666666667,6.5,745.6,90.0,7.0,62.0,4.9,6.721321074292064,6.721321074292064,1,Weekday,60.0,50.0,40.0,53.333333333333336,5.773502691922863,0,29,1,3,0.0,1.0,0.7818314824680298,0.6234898018587336,3000.0,87.20930232558139,11250.0,30.0,390.0
2016-03-31,30,0,22.39,39.09,20.0,41.433333333333294,22.6,38.29,21.1,40.09,20.1,49.29,6.69,56.723333333333294,20.6,34.2,23.79,45.1566666666667,20.23,40.3266666666667,6.5,754.2999999999998,95.0,1.0,27.0,5.7,13.32138644065708,13.32138644065708,3,Weekday,50.0,50.0,60.0,43.333333333333336,11.547005383807825,0,31,3,3,0.0,1.0,0.43388373911755823,-0.900968867902419,2500.0,73.75,9440.0,20.0,150.0
2016-04-01,60,0,22.39,39.2,19.9175,41.745,22.29,38.9,20.39,39.9666666666667,19.89,49.0,6.19,64.59,20.29,34.29,24.2,43.06,20.1,41.7,6.5,756.5,88.0,5.0,65.0,4.6,45.75026523089036,45.75026523089036,4,Weekday,50.0,50.0,40.0,53.333333333333336,5.773502691925237,0,1,4,4,0.0,1.0,-0.433883739117558,-0.9009688679024191,2500.0,56.92307692307692,8140.0,20.0,380.0
2016-04-02,50,0,21.5,38.6266666666667,19.23,41.53,22.2,37.29,20.29,38.09,19.5,45.6633333333333,8.189999999999998,52.6633333333333,20.29,33.45,21.89,39.5,20.0,37.73,8.5,759.6,77.0,2.0,40.0,4.6,8.429668261669576,8.429668261669576,5,Weekend,40.0,50.0,60.0,46.666666666666664,5.773502691927205,0,2,5,4,0.0,1.0,-0.9749279121818236,-0.2225209339563146,2000.0,50.69444444444444,7300.0,20.0,80.0
2016-04-03,60,0,20.89,41.7,19.1,44.29,21.5,38.79,19.7,40.7225,19.29,45.79,13.13,45.16666666666669,20.0,36.79,21.29,42.5,19.6,40.6266666666667,13.8,752.5,73.0,7.0,27.0,9.0,13.714980892837048,13.714980892837048,6,Weekend,60.0,60.0,60.0,60.0,0.0,0,3,6,4,0.0,1.0,-0.7818314824680299,0.6234898018587334,3600.0,71.80555555555556,10340.0,30.0,130.0
2016-04-04,50,0,22.1,44.59,20.79,45.23,23.0,41.79,21.1,44.09,19.815,50.3975,14.69,40.223333333333294,21.1666666666667,40.2,24.39,49.6266666666667,20.323333333333295,46.1633333333333,15.0,748.6,76.0,5.0,40.0,10.7,34.58620103774592,34.58620103774592,0,Weekday,60.0,60.0,60.0,56.666666666666664,5.773502691925464,0,4,0,4,0.0,1.0,0.0,1.0,3600.0,139.73451327433628,15790.0,30.0,400.0
2016-04-05,60,0,22.6,44.2,20.29,47.0,24.6,40.59,21.533333333333296,43.1266666666667,21.29,68.8266666666667,9.5,48.69333333333329,21.7,40.7,24.29,46.7666666666667,20.79,45.23,9.1,748.9,92.0,1.0,27.0,7.8,24.615559657104317,24.615559657104317,1,Weekday,70.0,60.0,60.0,63.333333333333336,5.77350269193018,0,5,1,4,0.0,1.0,0.7818314824680298,0.6234898018587336,4200.0,119.21259842519684,15140.0,40.0,390.0
2016-04-06,50,0,22.6333333333333,41.03,19.6,45.545,24.29,38.79,21.1666666666667,41.2,20.963333333333296,53.76,6.06,53.5,21.6666666666667,35.4666666666667,23.2,40.06,20.79,43.3266666666667,7.4,754.2,88.0,3.0,40.0,5.5,42.36237719887868,42.36237719887868,2,Weekday,50.0,60.0,60.0,53.333333333333336,5.773502691930143,0,6,2,4,0.0,1.0,0.9749279121818236,-0.22252093395631434,3000.0,79.38931297709924,10400.0,30.0,320.0
2016-04-07,50,0,21.39,41.7,18.823333333333295,44.2666666666667,22.79,39.4,21.1,39.53,20.6,54.1333333333333,6.61857142857143,47.394285714285694,21.0,37.4,22.39,37.96,20.5,41.223333333333294,7.1,751.7999999999998,80.0,5.0,28.0,3.9,7.6075202552601695,7.6075202552601695,3,Weekday,60.0,40.0,60.0,50.0,10.000000000020258,0,7,3,4,0.0,1.0,0.43388373911755823,-0.900968867902419,2400.0,66.7605633802817,9480.0,20.0,400.0
2016-04-08,70,0,21.6666666666667,38.79,19.2,41.525,22.533333333333296,38.09,20.89,38.2,20.0,47.7,7.045,47.8725,21.39,36.4666666666667,22.1,38.4666666666667,20.6,41.4666666666667,6.5,754.2,85.0,3.0,40.0,4.2,49.36022333567961,49.36022333567961,4,Weekday,30.0,20.0,30.0,40.0,26.45751311065435,0,8,4,4,0.0,1.0,-0.433883739117558,-0.9009688679024191,600.0,103.359375,13230.0,30.0,400.0
2016-04-09,50,0,21.5,42.03,19.033333333333296,45.29,23.0,39.7,20.76,39.0,20.39,48.59,6.06,42.36,21.39,37.076,23.6,42.6566666666667,20.39,41.3266666666667,7.8,752.9,86.0,2.0,27.0,5.6,12.160601606592536,12.160601606592536,5,Weekend,50.0,40.0,50.0,46.666666666666664,5.773502691936374,0,9,5,4,0.0,1.0,-0.9749279121818236,-0.2225209339563146,2000.0,92.94964028776978,12920.0,30.0,390.0
2016-04-10,60,0,22.2,40.79,19.7,43.9,22.823333333333295,39.7,20.5,38.59,20.04,46.736,7.366666666666669,55.73,21.7,36.59,22.89,40.518,20.1,40.23,7.1,750.7,93.0,2.0,40.0,6.0,16.033226635772735,16.033226635772735,6,Weekend,60.0,60.0,60.0,60.0,0.0,0,10,6,4,0.0,1.0,-0.7818314824680299,0.6234898018587334,3600.0,70.14388489208633,9750.0,30.0,260.0
2016-04-11,50,0,22.6,39.59,20.2,42.0,22.79,39.4,21.5,38.4,20.7,53.016,9.39,29.76,22.5,37.7,23.1142857142857,38.3528571428571,20.7,42.0,10.7,750.6,67.0,4.0,40.0,4.8,17.642673244699836,17.642673244699836,0,Weekday,60.0,50.0,60.0,53.333333333333336,5.773502691934,0,11,0,4,0.0,1.0,0.0,1.0,3000.0,77.19424460431655,10730.0,20.0,370.0
2016-04-12,50,0,22.39,43.7,20.5,44.4,23.29,40.7,22.6,40.73,21.0,45.6057142857143,8.859999999999998,45.1566666666667,21.79,36.59,23.2257142857143,42.9571428571429,20.79,42.76,11.0,751.4,79.0,6.0,40.0,7.4,30.55617846548557,30.55617846548557,1,Weekday,50.0,50.0,60.0,50.0,0.0,0,12,1,4,0.0,1.0,0.7818314824680298,0.6234898018587336,2500.0,79.92366412213741,10470.0,40.0,390.0
2016-04-13,70,0,22.5,42.0,20.2,43.79,25.1666666666667,40.5,23.1,39.09666666666671,21.1375,56.44375,7.366666666666669,44.1333333333333,21.6,34.59,23.31,45.54,21.0,40.1266666666667,7.3,751.7,88.0,2.0,40.0,5.4,33.70095030404627,33.70095030404627,2,Weekday,60.0,70.0,60.0,66.66666666666667,5.773502691932631,0,13,2,4,0.0,1.0,0.9749279121818236,-0.22252093395631434,4200.0,91.69014084507042,13020.0,30.0,370.0
2016-04-14,50,0,21.7,42.09,18.963333333333296,45.7,23.566666666666695,39.2,21.79,39.29,20.6714285714286,47.2,4.3,52.93,21.0,35.96,23.1,46.0,20.39,45.433333333333294,4.5,753.6,97.0,1.0,6.0,4.1,19.388747902121395,19.388747902121395,3,Weekday,50.0,50.0,50.0,50.0,0.0,0,14,3,4,0.0,1.0,0.43388373911755823,-0.900968867902419,2500.0,81.65413533834587,10860.0,40.0,370.0
2016-04-15,50,0,22.5,41.5,20.533333333333296,43.56,23.39,39.79,22.5,39.9,20.7,53.363333333333294,10.33,52.83333333333329,21.2,36.65875,23.6,48.2,20.7,43.6633333333333,10.6,751.2999999999998,89.0,3.0,21.0,8.9,27.988216059748083,27.988216059748083,4,Weekday,50.0,50.0,50.0,50.0,0.0,0,15,4,4,0.0,1.0,-0.433883739117558,-0.9009688679024191,2500.0,98.15384615384616,12760.0,40.0,390.0
2016-04-16,70,0,22.7,42.1633333333333,20.39,44.73,23.89,39.433333333333294,22.0,40.2,21.1,53.09,10.39,43.73,21.463333333333296,36.4666666666667,23.533333333333296,46.1266666666667,20.79,43.76,10.9,744.7,80.0,7.0,40.0,7.599999999999999,41.38997272821143,41.38997272821143,5,Weekend,50.0,70.0,60.0,63.333333333333336,11.547005383809685,0,16,5,4,0.0,1.0,-0.9749279121818236,-0.2225209339563146,3500.0,111.56716417910448,14950.0,40.0,390.0
2016-04-17,60,0,22.23,41.03,19.1666666666667,45.2,24.1,39.03,21.39,38.2,20.79,46.6266666666667,2.6566666666666694,49.4933333333333,21.1,33.29,24.29,42.2,20.823333333333295,42.5666666666667,4.1,750.2,93.0,2.0,40.0,3.1,33.67755747167393,33.67755747167393,6,Weekend,60.0,50.0,60.0,56.666666666666664,5.773502691933524,0,17,6,4,0.0,1.0,-0.7818314824680299,0.6234898018587334,3000.0,85.9090909090909,11340.0,40.0,310.0
2016-04-18,50,20,22.2,38.6633333333333,18.823333333333295,42.2,22.5,37.863333333333294,21.89,36.51875,20.6,45.0,1.42666666666667,48.4,21.14,30.79,23.2,38.7,20.7,39.2,4.4,760.0,86.0,1.0,40.0,2.2,22.399019321892407,22.399019321892407,0,Weekday,40.0,70.0,70.0,53.333333333333336,15.275252316533956,0,18,0,4,0.0,1.0,0.0,1.0,2800.0,63.52517985611511,8830.0,30.0,260.0
2016-04-19,50,0,21.463333333333296,37.1633333333333,19.0,38.76,22.533333333333296,36.363333333333294,22.1,34.2,20.2,51.56,6.19,19.066666666666695,20.39,29.5625,22.5,41.76,20.29,36.6633333333333,6.4,763.7,74.0,2.0,40.0,2.1,42.61163920164108,42.61163920164108,1,Weekday,50.0,40.0,60.0,46.666666666666664,5.773502691936103,0,19,1,4,0.0,1.0,0.7818314824680298,0.6234898018587336,2000.0,62.10526315789474,8260.0,20.0,380.0
2016-04-20,50,0,21.7,38.59,19.2,40.1266666666667,22.066666666666695,37.26,21.79,35.59,20.26,51.0266666666667,5.36666666666667,39.16,20.6,31.2,22.033333333333296,43.73,20.0,38.76,6.0,767.4,83.0,3.0,40.0,3.3,15.855964517686516,15.855964517686516,2,Weekday,40.0,20.0,30.0,36.666666666666664,15.275252316536648,0,20,2,4,0.0,1.0,0.9749279121818236,-0.22252093395631434,800.0,67.44186046511628,8700.0,20.0,350.0
2016-04-21,30,0,22.2,34.5,20.0,36.0,22.76,36.1266666666667,22.5714285714286,33.0,20.39,52.36,7.526666666666671,12.6566666666667,21.7,32.5528571428571,22.5,40.47,20.1333333333333,37.59,8.099999999999998,764.5,64.0,4.0,40.0,1.6,16.809026000555605,16.809026000555605,3,Weekday,30.0,20.0,50.0,26.666666666666668,5.773502691942604,0,21,3,4,0.0,1.0,0.43388373911755823,-0.900968867902419,600.0,71.97183098591549,10220.0,30.0,360.0
2016-04-22,70,0,22.7,37.2,21.1,37.9,23.39,37.29,22.83,34.856,20.5,42.79,12.66,8.96666666666667,22.1,35.79,22.7,45.06,20.2,38.59,12.9,760.0,62.0,4.0,28.0,5.7,43.189054331742234,43.189054331742234,4,Weekday,70.0,80.0,70.0,73.33333333333333,5.773502691929418,0,22,4,4,0.0,1.0,-0.433883739117558,-0.9009688679024191,5600.0,131.6793893129771,17250.0,40.0,400.0
2016-04-23,50,0,22.6,39.09,20.39,39.59,24.79,36.09,22.39,35.1685714285714,21.0,57.1,8.5,36.033333333333296,21.5285714285714,32.4,23.6,44.9566666666667,20.5,38.9666666666667,9.3,757.0,71.0,5.0,40.0,4.3,13.567417685408143,13.567417685408143,5,Weekend,60.0,50.0,50.0,53.333333333333336,5.77350269193617,0,23,5,4,0.0,1.0,-0.9749279121818236,-0.2225209339563146,3000.0,99.01408450704226,14060.0,40.0,400.0
2016-04-24,60,0,22.29,35.53,19.2,38.5,23.463333333333296,34.79,22.0,32.09,21.0,49.6566666666667,0.866666666666667,32.8666666666667,21.6,30.882857142857105,23.89,40.723333333333294,20.566666666666695,36.8266666666667,2.0,759.1,84.0,2.0,40.0,-0.5,32.13232655543833,32.13232655543833,6,Weekend,60.0,60.0,60.0,60.0,0.0,0,24,6,4,0.0,1.0,-0.7818314824680299,0.6234898018587334,3600.0,81.80555555555556,11780.0,30.0,400.0
2016-04-25,70,0,21.5,35.23,18.39,38.7,22.6,34.7,21.1,32.59,20.29,42.29,2.16333333333333,51.1633333333333,21.79,33.2642857142857,24.6,38.6266666666667,20.2,36.363333333333294,2.0,758.1,90.0,1.0,40.0,0.5,4.5912143075838685,4.5912143075838685,0,Weekday,80.0,80.0,70.0,76.66666666666667,5.7735026919357155,0,25,0,4,0.0,1.0,0.0,1.0,6400.0,72.58741258741259,10380.0,30.0,250.0
2016-04-26,40,10,21.6333333333333,37.73,19.0,39.79,21.7,36.4,21.39,37.3685714285714,19.89,51.6633333333333,2.79,53.4,20.6,32.07875,23.1,43.49,19.5,37.5,3.4,749.2,91.0,4.0,40.0,2.1,10.97182861994952,10.97182861994952,1,Weekday,60.0,70.0,60.0,56.666666666666664,15.275252316536811,0,26,1,4,0.0,1.0,0.7818314824680298,0.6234898018587336,4200.0,67.67605633802818,9610.0,20.0,380.0
2016-04-27,60,0,21.5,36.0,18.76,37.6566666666667,22.05,35.95,20.0,33.29,19.29,48.3266666666667,2.09,50.66,19.89,29.5,22.79,41.23,19.39,37.933333333333294,3.0,749.7,81.0,6.0,40.0,0.1,25.942794838920236,25.942794838920236,2,Weekday,50.0,60.0,50.0,56.666666666666664,5.773502691943558,0,27,2,4,0.0,1.0,0.9749279121818236,-0.22252093395631434,3000.0,73.95161290322581,9170.0,20.0,360.0
2016-04-28,60,20,21.5,35.5,18.6666666666667,37.5,21.39,34.9,20.6,35.9,19.5,65.0333333333333,0.4,50.59,19.5,29.7,22.39,42.8266666666667,18.89,35.4,1.2,755.1,93.0,1.0,27.0,0.2,23.061599873472005,23.061599873472005,3,Weekday,60.0,60.0,70.0,60.0,0.0,0,28,3,4,0.0,1.0,0.43388373911755823,-0.900968867902419,3600.0,83.64285714285714,11710.0,30.0,400.0
2016-04-29,30,0,20.6666666666667,33.79,18.066666666666695,36.06,22.5,35.2,20.0,32.29,18.89,40.4,3.56,30.566666666666695,19.29,27.823333333333295,21.823333333333295,39.363333333333294,18.7,35.53,3.2333333333333294,755.8333333333329,79.6666666666667,3.3333333333333295,40.0,0.0333333333333333,19.181155611295253,19.181155611295253,4,Weekday,40.0,50.0,50.0,40.0,10.000000000032278,0,29,4,4,0.0,1.0,-0.433883739117558,-0.9009688679024191,2000.0,96.54676258992805,13420.0,20.0,400.0
2016-04-30,50,0,22.7,36.59,20.1,39.09,22.7,36.4666666666667,19.7,38.29,19.1333333333333,43.4,6.96666666666667,51.6266666666667,19.2,34.29,21.73,47.0266666666667,18.9266666666667,39.5,7.0,756.4,95.0,2.0,23.0,6.3,47.05760387005285,47.05760387005285,5,Weekend,60.0,40.0,60.0,50.0,10.0000000000291,0,30,5,4,0.0,1.0,-0.9749279121818236,-0.2225209339563146,2400.0,98.75,12640.0,20.0,390.0
2016-05-01,50,0,21.2,38.2,18.39,41.4,23.2,36.4,19.73,37.73,19.5,47.29,4.8,40.06,19.5,31.6,22.2,40.0,19.1666666666667,38.2,4.3,763.7,86.0,2.0,40.0,2.2,15.310003352351487,15.310003352351487,6,Weekend,70.0,30.0,40.0,50.0,20.00000000001438,0,1,6,5,0.0,1.0,-0.7818314824680299,0.6234898018587334,2100.0,85.11278195488721,11320.0,20.0,360.0
2016-05-02,50,0,22.2,35.1633333333333,19.39,37.0,22.2,35.7,20.89,34.09,20.0,51.2666666666667,4.53,17.3,19.463333333333296,29.26,23.39,40.7,19.6,38.45,6.3,766.0,69.0,1.0,40.0,0.9,22.88342018146068,22.88342018146068,0,Weekday,50.0,60.0,60.0,53.333333333333336,5.773502691945034,0,2,0,5,0.0,1.0,0.0,1.0,3000.0,86.03174603174604,10840.0,20.0,370.0
2016-05-03,40,0,22.5,39.1633333333333,20.7,40.26,23.2,37.59,22.7,38.9,20.0,50.09,11.4266666666667,41.2,21.0,40.174,23.39,46.4666666666667,19.79,40.2642857142857,10.8,760.0,88.0,3.0,40.0,8.8,22.70838130498305,22.70838130498305,1,Weekday,50.0,50.0,50.0,46.666666666666664,5.773502691948527,0,3,1,5,0.0,1.0,0.7818314824680298,0.6234898018587336,2500.0,66.99300699300699,9580.0,20.0,340.0
2016-05-04,40,0,22.7,35.2,20.2,36.76,23.1,36.53,22.463333333333296,33.6633333333333,21.1,49.93,4.3333333333333295,25.4266666666667,21.5,34.036,23.7,41.5666666666667,20.39,38.96,6.3,766.2999999999998,77.0,1.0,40.0,2.6,31.965052627492696,31.965052627492696,2,Weekday,40.0,40.0,30.0,40.0,0.0,0,4,2,5,0.0,1.0,0.9749279121818236,-0.22252093395631434,1600.0,77.81818181818181,8560.0,20.0,400.0
2016-05-05,40,0,23.1,34.59,20.89,35.59,23.5,36.5,22.79,32.9,21.0,41.7,6.8,15.1933333333333,22.29,34.6214285714286,24.4842857142857,39.6914285714286,20.5,37.5225,8.699999999999998,764.1,64.0,2.0,40.0,2.2,44.86780320294201,44.86780320294201,3,Weekday,60.0,50.0,60.0,50.0,10.00000000003145,0,5,3,5,0.0,1.0,0.43388373911755823,-0.900968867902419,3000.0,76.04938271604938,6160.0,20.0,400.0
2016-05-06,50,0,23.6,35.1633333333333,21.823333333333295,35.4666666666667,23.6,35.59,22.89,33.8633333333333,20.76,43.26,9.75666666666667,20.0633333333333,22.6,35.9414285714286,23.29,44.9666666666667,21.0,38.5671428571429,11.1,757.2999999999998,72.0,2.0,40.0,6.1,0.6141097168438135,0.6141097168438135,4,Weekday,60.0,60.0,50.0,56.666666666666664,5.773502691946305,0,6,4,5,0.0,1.0,-0.433883739117558,-0.9009688679024191,3600.0,88.65671641791045,11880.0,20.0,340.0
2016-05-07,50,0,24.2,38.03,22.7,38.3266666666667,24.7,37.863333333333294,23.89,36.79,21.2,50.1633333333333,12.3,21.254,23.1,34.59,24.29,43.6266666666667,21.7,41.73,12.5,752.5,78.0,3.0,40.0,8.8,44.71699537243694,44.71699537243694,5,Weekend,60.0,50.0,60.0,53.333333333333336,5.773502691947016,0,7,5,5,0.0,1.0,-0.9749279121818236,-0.2225209339563146,3000.0,70.78947368421052,5380.0,40.0,360.0
2016-05-08,60,0,24.73,38.79,23.4266666666667,38.23,25.6,38.4,24.29,37.4,22.533333333333296,54.19333333333329,13.8,17.18,23.7,37.79,25.1,44.4,22.39,41.367142857142895,13.6,751.7,81.0,1.0,40.0,10.3,13.583415397442876,13.583415397442876,6,Weekend,60.0,60.0,60.0,60.0,0.0,0,8,6,5,0.0,1.0,-0.7818314824680299,0.6234898018587334,3600.0,66.93333333333334,5020.0,40.0,400.0
2016-05-09,60,0,24.5,38.4,23.5,37.09,26.29,38.06,24.77,36.055,23.566666666666695,39.4,15.716,7.436,24.2,38.6214285714286,24.5,42.2,23.2,41.9928571428571,17.3,751.7,57.0,3.0,40.0,8.599999999999998,11.84226513141766,11.84226513141766,0,Weekday,40.0,60.0,60.0,53.333333333333336,11.547005383818135,0,9,0,5,0.0,1.0,0.0,1.0,2400.0,71.22222222222223,6410.0,40.0,310.0
2016-05-10,50,0,25.29,43.09,24.1,42.863333333333294,26.79,39.79,25.89,41.7,23.533333333333296,48.29,16.236,34.41,24.2,40.6266666666667,25.5,50.536,23.7,45.59,17.0,753.1,79.0,4.0,40.0,13.4,41.29326500697061,41.29326500697061,1,Weekday,70.0,50.0,60.0,56.666666666666664,11.547005383817767,0,10,1,5,0.0,1.0,0.7818314824680298,0.6234898018587336,3500.0,63.6764705882353,8660.0,50.0,350.0
2016-05-11,60,0,24.89,47.5,23.264285714285695,48.7,26.56,43.5,25.1,45.59,24.1666666666667,59.363333333333294,14.7057142857143,55.3685714285714,24.6,42.9,26.29,54.5,24.0,47.2,15.6,749.1,86.0,3.0,40.0,13.2,28.75894976314157,28.75894976314157,2,Weekday,50.0,70.0,50.0,60.0,10.000000000028665,0,11,2,5,0.0,1.0,0.9749279121818236,-0.22252093395631434,3500.0,72.78846153846153,7570.0,40.0,320.0
2016-05-12,60,0,25.1,48.09,23.5,48.79,26.39,45.2,25.39,45.4,24.0,57.86,13.9685714285714,55.0514285714286,24.79,42.9,26.29,51.2,23.934,47.96,14.3,745.9,96.0,3.0,40.0,13.6,13.249058777000757,13.249058777000757,3,Weekday,60.0,60.0,60.0,60.0,0.0,0,12,3,5,0.0,1.0,0.43388373911755823,-0.900968867902419,3600.0,69.22535211267606,9830.0,40.0,340.0
2016-05-13,70,0,25.29,48.59,23.6714285714286,49.3685714285714,26.5,44.59,25.272,45.79,24.1,51.06,14.2266666666667,51.5266666666667,24.89,43.1175,26.7,51.07875,24.1571428571429,47.7,14.1,745.5,91.0,1.0,22.0,12.6,8.987029478885233,8.987029478885233,4,Weekday,50.0,60.0,50.0,60.0,10.000000000028457,0,13,4,5,0.0,1.0,-0.433883739117558,-0.9009688679024191,3000.0,84.0,6300.0,40.0,370.0
2016-05-14,50,0,25.2,39.7,23.1,41.03,25.8614285714286,34.5,25.264285714285695,39.5,24.0,50.29,9.13,36.0633333333333,24.945,36.59,26.066666666666695,43.56,23.79,44.18428571428569,10.0,752.7999999999998,85.0,7.0,22.0,7.5,29.566822887863964,29.566822887863964,5,Weekend,60.0,60.0,60.0,56.666666666666664,5.773502691949984,0,14,5,5,0.0,1.0,-0.9749279121818236,-0.2225209339563146,3600.0,87.98507462686567,11790.0,40.0,350.0
2016-05-15,60,0,24.1,34.76,21.29,36.1214285714286,24.0,35.1685714285714,24.0,32.59,23.7257142857143,38.7,4.3225,24.77,24.1,29.7,25.39,35.79,22.89,35.434,6.2,760.4,74.0,2.0,40.0,1.8,15.108357940334827,15.108357940334827,6,Weekend,50.0,50.0,50.0,53.333333333333336,5.773502691947506,0,15,6,5,0.0,1.0,-0.7818314824680299,0.6234898018587334,2500.0,98.12949640287769,13640.0,30.0,360.0
2016-05-16,80,0,23.2,39.23,20.978,40.612,25.6,37.7,23.6,36.5,23.0,44.223333333333294,8.3,48.1333333333333,23.39,32.9,26.06,39.59,22.7257142857143,39.1942857142857,8.5,761.5,97.0,1.0,41.0,8.099999999999998,45.793486142065376,45.793486142065376,0,Weekday,90.0,90.0,80.0,86.66666666666667,5.773502691936126,0,16,0,5,0.0,1.0,0.0,1.0,8100.0,91.95652173913044,12690.0,40.0,400.0
2016-05-17,40,0,23.1,39.1633333333333,21.08,39.156,24.236,37.036,23.29,36.9,21.2,40.0,9.39,17.6971428571429,23.5,34.24,24.5,39.29,22.6,37.876,9.9,760.6,77.0,1.0,40.0,6.1,24.18695788364857,24.18695788364857,1,Weekday,50.0,70.0,60.0,53.333333333333336,15.275252316540087,0,17,1,5,0.0,1.0,0.7818314824680298,0.6234898018587336,3500.0,64.8854961832061,8500.0,20.0,380.0
2016-05-18,50,0,23.533333333333296,41.0,22.0,41.018,24.6,39.09,23.463333333333296,38.723333333333294,21.29,55.71,12.72,19.76875,23.2,40.5,24.0,45.3266666666667,22.6,42.2,12.0,756.2,80.0,2.0,26.0,8.599999999999998,38.606970140244805,38.606970140244805,2,Weekday,60.0,60.0,60.0,56.666666666666664,5.773502691948803,0,18,2,5,0.0,1.0,0.9749279121818236,-0.22252093395631434,3600.0,77.33812949640287,10750.0,40.0,330.0
2016-05-19,60,0,23.566666666666695,41.76,21.347142857142895,43.6528571428571,24.6,39.7,23.29,39.9,21.1,50.772,7.9,47.4266666666667,23.2,41.363333333333294,24.5,45.367142857142895,22.39,42.425,8.8,749.1,95.0,3.0,40.0,8.099999999999998,2.8577951481565838,2.8577951481565838,3,Weekday,60.0,70.0,50.0,63.333333333333336,5.773502691946322,0,19,3,5,0.0,1.0,0.43388373911755823,-0.900968867902419,4200.0,64.55882352941177,8780.0,20.0,400.0
2016-05-20,40,0,23.29,41.29,21.68,41.79,24.5,39.29,23.1,40.59,22.2128571428571,59.88,9.46,38.3,23.0,36.59,24.04,44.798,22.6,42.9666666666667,10.6,757.7,86.0,3.0,40.0,8.3,12.134822830557823,12.134822830557823,4,Weekday,60.0,50.0,60.0,50.0,10.000000000031092,0,20,4,5,0.0,1.0,-0.433883739117558,-0.9009688679024191,3000.0,62.4031007751938,8050.0,20.0,170.0
2016-05-21,40,0,23.2,44.933333333333294,21.7,46.1214285714286,24.79,41.9,23.29,43.5,22.6,50.6785714285714,13.13,45.533333333333296,22.89,40.7,23.445,51.745,22.6,45.0,14.1,758.0,91.0,2.0,29.0,12.6,7.80206189956516,7.80206189956516,5,Weekend,30.0,40.0,50.0,36.666666666666664,5.7735026919540795,0,21,5,5,0.0,1.0,-0.9749279121818236,-0.2225209339563146,1200.0,118.61538461538461,15420.0,40.0,390.0
2016-05-22,60,0,24.7081818181818,49.1963636363636,24.3981981981982,46.738948948948895,26.7936363636364,43.6181818181818,24.015315315315295,46.7323423423423,22.9468468468468,52.4424774774775,22.6706306306306,19.928333333333295,23.909909909909896,43.6948198198198,24.387272727272695,50.9909090909091,23.1690909090909,48.2181818181818,18.0,752.0,79.0,2.0,40.0,14.3,31.551958702038974,31.551958702038974,6,Weekend,50.0,60.0,140.0,56.666666666666664,5.773502691948229,0,22,6,5,0.0,1.0,-0.7818314824680299,0.6234898018587334,3000.0,76.95121951219512,6310.0,40.0,340.0
2016-05-23,60,0,24.6,48.5,22.3566666666667,50.59,26.2,45.2,23.79,46.363333333333294,23.0,52.363333333333294,11.5,52.59,23.5571428571429,42.6685714285714,25.963333333333296,49.893333333333295,23.2,49.5,11.6,751.7999999999998,96.0,4.0,63.0,10.9,28.4870132105425,28.4870132105425,0,Weekday,60.0,60.0,60.0,60.0,0.0,0,23,0,5,0.0,1.0,0.0,1.0,3600.0,71.5909090909091,9450.0,40.0,350.0
2016-05-24,60,0,24.6,44.745,22.29,46.363333333333294,26.0,43.0,24.2,43.73,23.5,56.21,11.3,33.9666666666667,23.5,38.29,24.79,48.9666666666667,22.79,44.6633333333333,11.1,759.7,85.0,4.0,40.0,8.599999999999998,44.9279973632656,44.9279973632656,1,Weekday,60.0,50.0,60.0,56.666666666666664,5.773502691946978,0,24,1,5,0.0,1.0,0.7818314824680298,0.6234898018587336,3000.0,92.16417910447761,12350.0,30.0,400.0
2016-05-25,60,0,24.26,40.363333333333294,21.963333333333296,41.7,25.29,39.4,24.2,40.363333333333294,21.68,38.772,9.05555555555556,23.941111111111095,23.2,34.98,24.7,46.09,22.5,40.5,9.3,758.2,81.0,1.0,29.0,6.1,46.044640114996575,46.044640114996575,2,Weekday,60.0,50.0,60.0,56.666666666666664,5.773502691944885,0,25,2,5,0.0,1.0,0.9749279121818236,-0.22252093395631434,3000.0,78.57142857142857,10450.0,30.0,310.0
2016-05-26,50,0,24.125974025974,39.11532467532471,23.157662337662295,38.09870129870129,24.9064935064935,37.6967532467532,23.915974025974,38.8558441558442,21.3484415584416,50.4524350649351,16.0915584415584,22.1532467532468,23.311038961039,36.74545454545449,24.1967532467532,41.939285714285695,22.1,40.4149350649351,10.8,757.0,92.0,2.0,62.0,9.6,34.85261567402631,34.85261567402631,3,Weekday,50.0,50.0,50.0,50.0,0.0,0,26,3,5,0.0,1.0,0.43388373911755823,-0.900968867902419,2500.0,100.67961165048544,10370.0,40.0,390.0
2016-05-27,60,10,24.323333333333295,44.56,23.1285714285714,43.897142857142896,26.79,39.363333333333294,24.89,43.23,22.5,58.863333333333294,14.33,27.43,24.236,44.134,24.566666666666695,50.56,22.6,44.5,14.8,756.1,79.0,3.0,63.0,11.1,14.009097788948564,14.009097788948564,4,Weekday,60.0,70.0,70.0,63.333333333333336,5.773502691944255,0,27,4,5,0.0,1.0,-0.433883739117558,-0.9009688679024191,4200.0,110.35714285714286,9270.0,40.0,400.0
